screen,finding,description,element,frame,identifier
physical-main-passport,Dynamic Type font sizes are partially unsupported,User will not be able to change the font size of this element,none,nil,none
physical-main-passport,Dynamic Type font sizes are partially unsupported,User will not be able to change the font size of this element,none,nil,none
physical-main-passport,Dynamic Type font sizes are partially unsupported,User will not be able to change the font size of this element,none,nil,none
physical-main-passport,Dynamic Type font sizes are partially unsupported,User will not be able to change the font size of this element,none,nil,none
physical-main-passport,Contrast failed,Contrast failed for element,Totals reflect your saved visits and results on this device. Sample club records are separate.,"Optional((20.0, 317.5, 556.0, 16.0))",
physical-main-passport,Contrast failed,Contrast failed for element,1 visit,"Optional((758.0, 630.75, 44.0, 20.5))",
physical-main-passport,Contrast failed,Contrast failed for element,1–1,"Optional((779.5, 732.5, 22.5, 20.5))",
physical-main-locker,Dynamic Type font sizes are partially unsupported,User will not be able to change the font size of this element,none,nil,none
physical-main-locker,Dynamic Type font sizes are partially unsupported,User will not be able to change the font size of this element,none,nil,none
physical-main-locker,Dynamic Type font sizes are partially unsupported,User will not be able to change the font size of this element,none,nil,none
physical-main-locker,Dynamic Type font sizes are partially unsupported,User will not be able to change the font size of this element,none,nil,none
physical-main-locker,Text clipped,Text of this element may be clipped at larger Dynamic Type sizes.,Took the A-final at Kelowna. Ice was lightning all weekend. 🥌,"Optional((34.0, 789.5, 422.5, 18.0))",
physical-main-locker,Contrast failed,Contrast failed for element,vs IPAD33 Portrait Opponent,"Optional((586.5, 327.5, 200.5, 14.5))",
physical-main-locker,Contrast failed,Contrast failed for element,Dana Mercer,"Optional((82.0, 577.75, 82.0, 16.0))",
physical-main-locker,Contrast failed,Contrast failed for element,vs Northern,"Optional((705.0, 838.0, 82.0, 14.5))",
physical-main-locker,Contrast failed,Contrast failed for element,"— fast, 5–6 ft of curl","Optional((113.5, 1113.0, 124.0, 16.0))",
physical-main-locker,Contrast failed,Contrast failed for element,JM,"Optional((34.0, 1045.0, 32.0, 32.0))",
physical-main-locker,Contrast failed,Contrast failed for element,CLUB REVIEW · 5H,"Optional((76.0, 1062.25, 119.0, 14.5))",
physical-main-locker,Potentially inaccessible text,This element appears to display text that should be represented using the accessibility API.,none,nil,none
physical-main-locker,Potentially inaccessible text,This element appears to display text that should be represented using the accessibility API.,none,nil,none
physical-main-locker,Potentially inaccessible text,This element appears to display text that should be represented using the accessibility API.,none,nil,none
physical-main-spiels,Dynamic Type font sizes are partially unsupported,User will not be able to change the font size of this element,none,nil,none
physical-main-spiels,Dynamic Type font sizes are partially unsupported,User will not be able to change the font size of this element,none,nil,none
physical-main-spiels,Dynamic Type font sizes are partially unsupported,User will not be able to change the font size of this element,none,nil,none
physical-main-spiels,Dynamic Type font sizes are partially unsupported,User will not be able to change the font size of this element,none,nil,none
physical-main-spiels,Contrast failed,Contrast failed for element,Details,"Optional((730.0, 671.0, 70.0, 44.0))",curlplan.event.details.sp1
physical-main-spiels,Contrast failed,Contrast failed for element,2 of your circle going,"Optional((103.24000000000001, 850.25, 163.5, 14.5))",
physical-main-roster,Dynamic Type font sizes are partially unsupported,User will not be able to change the font size of this element,none,nil,none
physical-main-roster,Dynamic Type font sizes are partially unsupported,User will not be able to change the font size of this element,none,nil,none
physical-main-roster,Dynamic Type font sizes are partially unsupported,User will not be able to change the font size of this element,none,nil,none
physical-main-roster,Dynamic Type font sizes are partially unsupported,User will not be able to change the font size of this element,none,nil,none
