screen,finding,description,element,x,y,width,height,identifier
physical-Ice-passport,Contrast failed,Contrast failed for element,Totals reflect your saved visits and results on this device. Sample club records are separate.,20.0,317.5,556.0,16.0,
physical-Ice-passport,Contrast failed,Contrast failed for element,YOUR VISITS,20.0,577.5,93.0,14.5,
physical-Ice-passport,Contrast failed,Contrast failed for element,SAMPLE CLUBS AND GAMES,20.0,690.0,185.5,14.5,
physical-Ice-stop,Contrast failed,Contrast failed for element,Sample club conditions and record,20.0,268.5,196.5,14.5,
physical-Ice-stop,Contrast failed,Contrast failed for element,Log visit,20.0,551.0,259.5,44.0,
physical-Ice-stop,Contrast failed,Contrast failed for element,Ice read,287.5,551.0,259.0,44.0,
physical-Ice-stop,Contrast failed,Contrast failed for element,Write review,554.5,551.0,259.5,44.0,
physical-Ice-stop,Contrast failed,Contrast failed for element,PEOPLE YOU MET HERE,20.0,947.0,160.0,14.5,
physical-Ice-stop,Contrast failed,Contrast failed for element,SR,20.000000000000114,977.5,40.0,40.0,
physical-Ice-stop,Contrast failed,Contrast failed for element,JM,20.000000000000114,1033.5,40.0,40.0,
physical-Ice-stop,Contrast failed,Contrast failed for element,DT,20.000000000000114,1089.5,40.0,40.0,
physical-Ice-profile,Contrast failed,Contrast failed for element,Message,422.0,353.0,392.0,39.0,
physical-Ice-profile,Contrast failed,Contrast failed for element,CLUBS YOU'VE BOTH PLAYED,20.0,589.0,226.5,14.5,
physical-Ice-profile,Contrast failed,Contrast failed for element,RECENT FORM,20.0,655.0,104.0,14.5,
physical-Ice-events,Contrast failed,Contrast failed for element,UNDATED EVENTS AND SAMPLES,20.0,245.5,219.0,14.5,
physical-Ice-events,Contrast failed,Contrast failed for element,IPAD33 Test Club,34.0,497.5,119.0,14.5,
physical-Ice-events,Contrast failed,Contrast failed for element,Considering,718.5,617.0,71.5,14.5,
physical-Ice-events,Contrast failed,Contrast failed for element,"Kamloops, BC",34.0,658.5,89.5,14.5,
physical-Ice-events,Contrast failed,Contrast failed for element,"Kelowna, BC",34.0,819.5,82.0,14.5,
physical-Arena-passport,Contrast failed,Contrast failed for element,DM,770.0,94.0,44.0,44.0,
physical-Arena-passport,Contrast failed,Contrast failed for element,Totals reflect your saved visits and results on this device. Sample club records are separate.,20.0,317.5,556.0,16.0,
physical-Arena-passport,Contrast failed,Contrast failed for element,SAMPLE CLUBS AND GAMES,20.0,690.0,185.5,14.5,
physical-Arena-stop,Contrast failed,Contrast failed for element,Sample club conditions and record,20.0,268.5,196.5,14.5,
physical-Arena-stop,Contrast failed,Contrast failed for element,PEOPLE YOU MET HERE,20.0,947.0,160.0,14.5,
physical-Arena-stop,Contrast failed,Contrast failed for element,SR,20.000000000000114,977.5,40.0,40.0,
physical-Arena-stop,Contrast failed,Contrast failed for element,JM,20.000000000000114,1033.5,40.0,40.0,
physical-Arena-stop,Contrast failed,Contrast failed for element,DT,20.000000000000114,1089.5,40.0,40.0,
physical-Arena-profile,Contrast failed,Contrast failed for element,Following,20.0,351.5,392.0,42.0,curlplan.profile.follow
physical-Arena-profile,Contrast failed,Contrast failed for element,CLUBS YOU'VE BOTH PLAYED,20.0,589.0,226.5,14.5,
physical-Arena-profile,Contrast failed,Contrast failed for element,RECENT FORM,20.0,655.0,104.0,14.5,
physical-Arena-events,Contrast failed,Contrast failed for element,UNDATED EVENTS AND SAMPLES,20.0,245.5,219.0,14.5,
physical-Arena-events,Contrast failed,Contrast failed for element,"Kamloops, BC",34.0,658.5,89.5,14.5,
physical-Arena-events,Contrast failed,Contrast failed for element,Considering,718.5,778.0,71.5,14.5,
physical-Arena-events,Contrast failed,Contrast failed for element,"Kelowna, BC",34.0,819.5,82.0,14.5,
physical-Arena-events,Contrast failed,Contrast failed for element,"Winnipeg, MB",34.0,980.5,89.5,14.5,
